hashtag,cluster
#cdnhealth,1
#health,1
#health4all,1
#healthcare,1
#healthcommunications,1
#healthit,1
#healthliteracy,1
#healthsystems,1
#healthykids,1
#healthyschools,1
#kidshealth,1
#makehealth,1
#mentalhealth,1
#mhealth,1
#newleaders4health,1
#newleadersforhealth,1
#occupationalhealth,1
#pophealth,1
#functionalmedicine,2
#hackmedicine,2
#insulin,2
#lifestylemedicine,2
#p4medicine,2
#personalizedmedicine,2
#pharmacist,2
#pharmacists,2
#pharmacy,2
#precisionmedicine,2
#rethinkpharmacy,2
#telemedicine,2
#bestjob,3
#doc,3
#docs,3
#nurse,3
#nurses,3
#pediatrics,3
#physicians,3
#physiotherapist,3
#radiologists,3
#thankapharmacist,3
#wenurses,3
#anchorman,4
#physiotherapy,4
#healthisprimary,5
#healthleads,6
#healthx,7
#healthxph,8
#doctors20,9
#physician,10
#autism,12
#braincancer,12
#braininjury,12
#braintumor,12
#braintumors,12
#breastcancer,12
#cancer,12
#diabetes,12
#diabetic,12
#dylexia,12
#dyslexia,12
#dyslexic,12
#dysthymia,12
#hereditarycancer,12
#itmakessenseifyouhavediabetes,12
#lungcancer,12
#menscancer,12
#ovariancancermonth,12
#overiancancer,12
#pancreaticcancer,12
#pancreaticcyst,12
#pancreaticcysts,12
#penilecancer,12
#prostatecancer,12
#raredisease,12
#saydysleixa,12
#saydyslexia,12
#testicularcancer,12
#type1diabetes,12
#informatics,13
#algorithms,13
#assistivetechnoogy,13
#bigdata,13
#businessintelligence,13
#data,13
#digitalhealth,13
#digitalmedicine,13
#getmyhealthdata,13
#predictiveanalytics,13
#speechrecognition,13
#abdominalimaging,14
#imagewisely,14
#imaging,14
#imaging3,14
#imagingit,14
#medicalimaging,14
#clinical,15
#clinicaltrial,15
#immunotherapy,16
#implementationscience,17
#incidentalfindings,18
#psychiatry,19
#radiology,19
#radtech,20
#deaf,21
#depression,22
#majordepression,22
#socialemotionallearning,23
#socialemotionalearning,23
#raisingawareness,23
#letsraiseawareness,23
#healthresearch4all,23
#healthresearch,23
#education,23
#educate,23
#cultureofhealth,23
#copingskills,23
#bringawareness,23
#breastcancerawareness,23
#awareness,23
#arthritisawareness,23
#touchofcare,24
#sickcare,24
#selfcare,24
#primarycare,24
#palliativecare,24
#obamacare,24
#montypythonhealthcare,24
#directprimarycare,24
#allpatientsanysetting,24
#agedcare,24
#spooniechat,25
#smemchat,25
#rxchat,25
#realtalk,25
#ptsdchat,25
#pndchat,25
#patientchat,25
#otalk2us,25
#oncochat,25
#nchat,25
#mhchat,25
#lrnchat,25
#ldchat,25
#kareochat,25
#cmiochat,25
#cadachat,25
#bpdchat,25
#blogchat,25
#babyfriendlychat,25
#addictionchat,25
#abilitychat,25
#prcsunite,25
#pndfamily,25
#neighborhood,26
#nbuddy,26
#familyphysician,26
#corporatewellness,26
#communityhealth,26
#collaboration,26
#patienteducation,27
#decisionsupport,28
#caregiving,29
#cancersupport,30
#cancerscreenings,30
#cancerresearch,30
#cancerfighters,30
#cancerawareness,30
#cancerlearningbyper,31
#1care,31
#tweetchatshappeningnow,32
#talk,33
#1wordforfamilymedicine,34
#unitetofaceaddiction,35
#domesticviole,36
#birthtrauma,37
#bipolar,38
#badidea,39
#badboyfriends,40
#addiction,41
#abusiverelationships,41
hashtag,cluster
#amateur,42
#adult,42
#anal,42
#ass,42
#asses,42
#assmonday,42
#asswednesday,42
#bigboobs,42
#bigtits,42
#blowjob,42
#blowjobs,42
#boobs,42
#bubblebutt,42
#camgirl,42
#cum,42
#erotic,42
#erotica,42
#fuck,42
#fuckfriday,42
#gay,42
#hardcore,42
#horny,42
#hot,42
#lesbian,42
#lesbians,42
#masturbation,42
#naked,42
#nipples,42
#nude,42
#pic,42
#pics,42
#porn,42
#porno,42
#pussy,42
#sex,42
#sexual,42
#sexy,42
#sexysaturday,42
#shemale,42
#sinfulsunday,42
#slutsaturday,42
#slutsunday,42
#tits,42
#video,42
#videos,42
#xxx,42
#naked,42
#baby,43
#beautiful,44
#beauty,44
#bikini,45
#fantasy,46
#foodporn,47
#internet,48
#babe,49
#babes,49
#twitterafterdark,50
#kindle,51
#accessories,52
#ipad,53
#android,53
#androidgames,53
#gameinsight,53
#games,53
#gaming,53
#ipadgames,53
#iphone,53
#iphonegames,53
#videogames,53
#game,53
#apple,54
#linux,54
#mac,54
#camera,55
#download,56
#facebook,57
#gameofthrones,58
#google,59
#instagram,60
#online,61
#pandora,62
#mobile,63
#podcast,64
#radio,65
#photo,66
#photography,66
#photooftheday,66
#photos,66
#pictures,66
#selfie,66
#selfies,66
#retweet,67
#social,68
#socialmedia,68
#socibox,68
#software,68
#tweetlikejadensmith,69
#tweetmyjobs,70
#twitter,71
#ios,72
#welcometweet,72
#1,73
#10,73
#2,73
#3,73
#4,73
#5,73
#6,73
#7,73
#8,73
#9,73
#flashfriday,74
#followfriday,74
#freakyfriday,74
#friskyfriday,74
#mirrormonday,74
#teentuesday,74
#tiedupthursday,74
#gaza,75
#gazaunderattack,75
#gazaunderfire,75
#israel,75
#israeli,75
#israelunderfire,75
#savegaza,75
#friday,76
#saturday,76
#flashbackfriday,76
#fridaynight,76