hashtag,cluster
#internet,7
#foodporn,6
#fantasy,5
#bikini,4
#beautiful,3
#beauty,3
#baby,2
#adult,1
#anal,1
#ass,1
#asses,1
#assmonday,1
#asswednesday,1
#babe,1
#babes,1
#bigboobs,1
#bigtits,1
#blowjob,1
#blowjobs,1
#boobs,1
#bubblebutt,1
#camgirl,1
#cum,1
#erotic,1
#erotica,1
#fuck,1
#fuckfriday,1
#gay,1
#hardcore,1
#horny,1
#hot,1
#lesbian,1
#lesbians,1
#masturbation,1
#naked,1
#nipples,1
#nude,1
#porn,1
#porno,1
#pussy,1
#sex,1
#sexual,1
#sexy,1
#sexysaturday,1
#shemale,1
#sinfulsunday,1
#slutsaturday,1
#slutsunday,1
#tits,1
#xxx,1