hashtag,cluster
#1,1
#10,1
#2,1
#3,1
#4,1
#5,1
#6,1
#7,1
#8,1
#9,1
#android,2
#androidgames,2
#apple,2
#game,2
#gameinsight,2
#games,2
#gaming,2
#ipadgames,2
#iphonegames,2
#flashfriday,3
#followfriday,3
#freakyfriday,3
#friskyfriday,3
#mirrormonday,3
#sinfulsunday,3
#teentuesday,3
#tiedupthursday,3
#ipad,8
#iphone,8
#adult,4
#amateur,4
#anal,4
#ass,4
#blowjob,4
#erotic,4
#naked,4
#tits,4
#gaza,5
#gazaunderattack,5
#gazaunderfire,5
#israel,5
#israeli,5
#israelunderfire,5
#savegaza,5
#flashbackfriday,6
#fridaynight,6
#friday,7
#saturday,7