hashtag,cluster
#pic,1
#pics,1
#twitterafterdark,1
#video,1
#videos,1
#kindle,2
#accessories,3
#android,4
#androidgames,4
#gameinsight,4
#games,4
#gaming,4
#ipad,4
#ipadgames,4
#iphone,4
#iphonegames,4
#videogames,4
#apple,5
#game,5
#linux,5
#mac,5
#camera,6
#download,7
#facebook,8
#gameofthrones,9
#google,10
#instagram,10
#internet,11
#online,11
#ios,12
#mobile,13
#podcast,14
#radio,15
#photo,15
#photography,15
#photooftheday,15
#photos,15
#pictures,15
#selfie,15
#selfies,15
#retweet,16
#social,16
#socialmedia,16
#socibox,16
#software,16
#tweetlikejadensmith,17
#tweetmyjobs,18
#twitter,19
#welcometweet,20
#pandora,21