hashtag,cluster
#autism,1
#braincancer,1
#braininjury,1
#braintumor,1
#braintumors,1
#breastcancer,1
#cancer,1
#deaf,1
#depression,1
#diabetes,1
#diabetic,1
#dylexia,1
#dyslexia,1
#dyslexic,1
#dysthymia,1
#hereditarycancer,1
#lungcancer,1
#menscancer,1
#ovariancancermonth,1
#overiancancer,1
#prostatecancer,1
#penilecancer,1
#raredisease,1
#saydysleixa,1
#saydyslexia,1
#testicularcancer,1
#type1diabetes,1
#itmakessenseifyouhavediabetes,1
#majordepression,1
#pancreaticcyst,1
#pancreaticcysts,1
#pancreaticcancer,1
#bigdata,2
#algorithms,2
#businessintelligence,2
#data,2
#digitalhealth,2
#digitalmedicine,2
#getmyhealthdata,2
#predictiveanalytics,2
#speechrecognition,2
#assistivetechnoogy,2
#radtech,2
#clinical,3
#clinicaltrial,3
#imagewisely,3
#imaging,3
#imaging3,3
#imagingit,3
#immunotherapy,3
#implementationscience,3
#incidentalfindings,3
#informatics,3
#medicalimaging,3
#radiology,3
#psychiatry,3
#abdominalimaging,3