hashtag,cluster
#cdnhealth,1
#health,1
#health4all,1
#healthcare,1
#healthcommunications,1
#healthit,1
#healthliteracy,1
#healthsystems,1
#healthykids,1
#healthyschools,1
#kidshealth,1
#makehealth,1
#mentalhealth,1
#mhealth,1
#newleaders4health,1
#newleadersforhealth,1
#occupationalhealth,1
#pophealth,1
#functionalmedicine,2
#hackmedicine,2
#insulin,2
#lifestylemedicine,2
#p4medicine,2
#personalizedmedicine,2
#pharmacist,2
#pharmacists,2
#pharmacy,2
#precisionmedicine,2
#rethinkpharmacy,2
#telemedicine,2
#bestjob,3
#doc,3
#docs,3
#nurse,3
#nurses,3
#pediatrics,3
#physicians,3
#physiotherapist,3
#radiologists,3
#thankapharmacist,3
#wenurses,3
#anchorman,4
#physiotherapy,4
#healthisprimary,5
#healthleads,6
#healthx,7
#healthxph,8
#doctors20,9
#physician,10