hashtag,cluster
#socialemotionallearning,1
#socialemotionalearning,1
#raisingawareness,1
#letsraiseawareness,1
#healthresearch4all,1
#healthresearch,1
#education,1
#educate,1
#cultureofhealth,1
#copingskills,1
#bringawareness,1
#breastcancerawareness,1
#awareness,1
#arthritisawareness,1
#touchofcare,2
#sickcare,2
#selfcare,2
#primarycare,2
#palliativecare,2
#obamacare,2
#montypythonhealthcare,2
#directprimarycare,2
#allpatientsanysetting,2
#agedcare,2
#spooniechat,3
#smemchat,3
#rxchat,3
#realtalk,3
#ptsdchat,3
#pndchat,3
#patientchat,3
#otalk2us,3
#oncochat,3
#nchat,3
#mhchat,3
#lrnchat,3
#ldchat,3
#kareochat,3
#cmiochat,3
#cadachat,3
#bpdchat,3
#blogchat,3
#babyfriendlychat,3
#addictionchat,3
#abilitychat,3
#prcsunite,3
#pndfamily,3
#neighborhood,4
#nbuddy,4
#familyphysician,4
#corporatewellness,4
#communityhealth,4
#collaboration,4
#patienteducation,5
#decisionsupport,6
#caregiving,7
#cancersupport,8
#cancerscreenings,8
#cancerresearch,8
#cancerfighters,8
#cancerawareness,8
#cancerlearningbyper,9
#1care,9
#tweetchatshappeningnow,10
#talk,11
#1wordforfamilymedicine,12
#unitetofaceaddiction,13
#domesticviole,14
#birthtrauma,15
#bipolar,16
#badidea,17
#badboyfriends,18
#addiction,19
#abusiverelationships,19